cohort_year,avg_investment,total_invested,fund_id
2024,107422.54183205638,3491125187.0,36
2025,109158.5770609319,30455243.0,4
